1532755472.843672, 
1532755472.893766, 
1532755472.943900, 
1532755472.994013, 
1532755473.044113, 
1532755473.094210, 
1532755473.144313, 
1532755473.194442, 
1532755473.244546, 
1532755473.294634, 
1532755473.344746, 
1532755473.394826, 
1532755473.444940, 
1532755473.495023, 
1532755473.545146, 
1532755473.595251, 
1532755473.645363, 
1532755473.695481, 
1532755473.745591, 
1532755473.795707, 
1532755473.845821, 
1532755473.895936, 
1532755473.946012, 
1532755473.996091, 
1532755474.046207, 
1532755474.096323, 
1532755474.146442, 
1532755474.196543, 
1532755474.246647, 
1532755474.296747, 
1532755474.346865, 
1532755474.396980, 
1532755474.447076, 
1532755474.497187, 
1532755474.547270, 
1532755474.597427, 
1532755474.647529, 
1532755474.697629, 
1532755474.747744, 
1532755474.797845, 
1532755474.847957, 
1532755474.898051, 
1532755474.948165, 
1532755474.998266, 
1532755475.048378, 
1532755475.098490, 
1532755475.148600, 
1532755475.198728, 
1532755475.248842, 
1532755475.298929, 
1532755475.349042, 
1532755475.399148, 
1532755475.449271, 
1532755475.499376, 
1532755475.549505, 
1532755475.599642, 
1532755475.649751, 
1532755475.699876, 
1532755475.749994, 
1532755475.800094, 
1532755475.850210, 
1532755475.900338, 
1532755475.950480, 
1532755476.000567, 
1532755476.050688, 
1532755476.100826, 
1532755476.150938, 
1532755476.201041, 
1532755476.251158, 
1532755476.301243, 
1532755476.351344, 
1532755476.401493, 
1532755476.451612, 
1532755476.501694, 
1532755476.551831, 
1532755476.601958, 
1532755476.652074, 
1532755476.702175, 
1532755476.752258, 
1532755476.802352, 
1532755476.852463, 
1532755476.902582, 
1532755476.952700, 
1532755477.002883, 
1532755477.052985, 
1532755477.103083, 
1532755477.153222, 
1532755477.203320, 
1532755477.253406, 
1532755477.303503, 
1532755477.353616, 
1532755477.403706, 
1532755477.453818, 
1532755477.503916, 
1532755477.554025, 
1532755477.604109, 
1532755477.654217, 
1532755477.704299, 
1532755477.754395, 
1532755477.804478, 
1532755477.854596, 
1532755477.904676, 
1532755477.954787, 
1532755478.004868, 
1532755478.054955, 
1532755478.105036, 
1532755478.155146, 
1532755478.205227, 
1532755478.255311, 
1532755478.305393, 
1532755478.355504, 
1532755478.405587, 
1532755478.455699, 
1532755478.505782, 
1532755478.555887, 
1532755478.605982, 
1532755478.656061, 
1532755478.706151, 
1532755478.756252, 
1532755478.806342, 
1532755478.856432, 
1532755478.906523, 
1532755478.956623, 
1532755479.006723, 
1532755479.056805, 
1532755479.106885, 
1532755479.156994, 
1532755479.207073, 
1532755479.257153, 
1532755479.307233, 
1532755479.357342, 
1532755479.407437, 
1532755479.457526, 
1532755479.507603, 
1532755479.557707, 
1532755479.607813, 
1532755479.657914, 
1532755479.708013, 
1532755479.758102, 
1532755479.808205, 
1532755479.858287, 
1532755479.908392, 
1532755479.958502, 
1532755480.008607, 
1532755480.058713, 
1532755480.108819, 
1532755480.158951, 
1532755480.209063, 
1532755480.259175, 
1532755480.309290, 
1532755480.359406, 
1532755480.409523, 
1532755480.459636, 
1532755480.509746, 
1532755480.559868, 
1532755480.609973, 
1532755480.660081, 
1532755480.710190, 
1532755480.760299, 
1532755480.810409, 
1532755480.860488, 
1532755480.910593, 
1532755480.960700, 
1532755481.010753, 
1532755481.060861, 
1532755481.110971, 
1532755481.161077, 
1532755481.211198, 
1532755481.261294, 
1532755481.311375, 
1532755481.361473, 
1532755481.411585, 
1532755481.461679, 
1532755481.511788, 
1532755481.561884, 
1532755481.611992, 
1532755481.662088, 
1532755481.712198, 
1532755481.762306, 
1532755481.812415, 
1532755481.862518, 
1532755481.912626, 
1532755481.962741, 
1532755482.012860, 
1532755482.062961, 
1532755482.113047, 
1532755482.163130, 
1532755482.213225, 
1532755482.263332, 
1532755482.313445, 
1532755482.363546, 
1532755482.413645, 
1532755482.463745, 
1532755482.513847, 
1532755482.563980, 
1532755482.614060, 
1532755482.664156, 
1532755482.714229, 
1532755482.764284, 
1532755482.814365, 
1532755482.864462, 
1532755482.914559, 
1532755482.964667, 
1532755483.014768, 
1532755483.064877, 
1532755483.114958, 
1532755483.165064, 
1532755483.215145, 
1532755483.265226, 
1532755483.315317, 
1532755483.365376, 
1532755483.415480, 
1532755483.465585, 
1532755483.515689, 
1532755483.565784, 
1532755483.615879, 
1532755483.665962, 
1532755483.716031, 
1532755483.766126, 
1532755483.816240, 
1532755483.866349, 
1532755483.916460, 
1532755483.966570, 
1532755484.016677, 
1532755484.066785, 
1532755484.116889, 
1532755484.166976, 
1532755484.217050, 
1532755484.267146, 
1532755484.317227, 
1532755484.367308, 
1532755484.417387, 
1532755484.467461, 
1532755484.517552, 
1532755484.567639, 
1532755484.617705, 
1532755484.667791, 
1532755484.717855, 
1532755484.767918, 
1532755484.817987, 
1532755484.868061, 
1532755484.918138, 
1532755484.968211, 
1532755485.018287, 
1532755485.068362, 
1532755485.118433, 
1532755485.168502, 
1532755485.218570, 
1532755485.268634, 
1532755485.318711, 
1532755485.368775, 
1532755485.418843, 
1532755485.468913, 
1532755485.518981, 
1532755485.569058, 
1532755485.619153, 
1532755485.669285, 
1532755485.719384, 
1532755485.769483, 
1532755485.819592, 
1532755485.869675, 
1532755485.919769, 
1532755485.969875, 
1532755486.019981, 
1532755486.070073, 
1532755486.120169, 
1532755486.170248, 
1532755486.220328, 
1532755486.270410, 
1532755486.320507, 
1532755486.370604, 
1532755486.420698, 
1532755486.470760, 
1532755486.520856, 
1532755486.570934, 
1532755486.621032, 
1532755486.671124, 
1532755486.721197, 
1532755486.771268, 
1532755486.821336, 
1532755486.871401, 
1532755486.921489, 
1532755486.971568, 
1532755487.021632, 
1532755487.071709, 
1532755487.121772, 
1532755487.171835, 
1532755487.221900, 
1532755487.271964, 
1532755487.322050, 
1532755487.372118, 
1532755487.422205, 
1532755487.472273, 
1532755487.522341, 
1532755487.572411, 
1532755487.622477, 
1532755487.672576, 
1532755487.722667, 
1532755487.772732, 
1532755487.822793, 
